﻿<?xml version="1.0" encoding="utf-8"?>
<Defs>
  <HugsLib.UpdateFeatureDef Abstract="true" Name="UpdateFeatureBase">
    <modNameReadable>Burn It For Fuel</modNameReadable>
    <modIdentifier>JPT_BurnItForFuel</modIdentifier>
    <linkUrl>https://steamcommunity.com/sharedfiles/filedetails/?id=1823276856</linkUrl>
  </HugsLib.UpdateFeatureDef>

  <HugsLib.UpdateFeatureDef ParentName="UpdateFeatureBase">
    <defName>ModName_2_0_0</defName>
    <assemblyVersion>2.0.0</assemblyVersion>
    <content>&lt;b&gt;We've made it even easier for you to choose what to burn!&lt;/b&gt;|Check out the new options panel (Options > Mod Settings), where you can now cherry-pick what kind of resources should or shouldn't be on the fuel tab.&lt;i&gt;Did you like this? Remember to rate this mod. Or buy me a coffee! https://ko-fi.com/jptrrs &lt;/i&gt;</content>
  </HugsLib.UpdateFeatureDef>
</Defs>