﻿<?xml version="1.0" encoding="utf-8"?>
<Defs>

  <ThingDef>
    <label>BurnItForFuel</label>
    <defName>BurnItForFuel</defName>
    <thingClass>Building</thingClass>
    <building>
      <fixedStorageSettings>
        <filter>
          <categories>
            <li>Textiles</li>
            <li>PlantMatter</li>
          </categories>
          <thingDefs>
            <li>WoodLog</li>
            <li>Chemfuel</li>
          </thingDefs>
          <specialFiltersToDisallow>
            <li>AllowCorpsesColonist</li>
            <li>AllowCorpsesStranger</li>
            <li>AllowRotten</li>
            <li>AllowFresh</li>
            <li>AllowPlantFood</li>
            <li>AllowFresh</li>
            <li>AllowSmeltable</li>
            <li>AllowNonSmeltableWeapons</li>
            <li>AllowNonDeadmansApparel</li>
            <li>AllowDeadmansApparel</li>
          </specialFiltersToDisallow>
        </filter>
      </fixedStorageSettings>
    </building>
  </ThingDef>

</Defs>