<?xml version="1.0" encoding="utf-8" ?>
<Patch>

	<Operation Class="PatchOperationFindMod">
		<mods>
			<li>Coal</li>
		</mods>
		<match Class="PatchOperationAdd">
			<xpath>/Defs/ThingDef[defName = "BurnItForFuel"]/building/fixedStorageSettings/filter/thingDefs</xpath>
      <value>
				<li>Coal</li>
				<li>Charcoal</li>
			</value>
		</match>
	</Operation>

	<Operation Class="PatchOperationFindMod">
		<mods>
			<li>Rimhammer - The End Times</li>
		</mods>
		<match Class="PatchOperationAdd">
      <xpath>/Defs/ThingDef[defName = "BurnItForFuel"]/building/fixedStorageSettings/filter/thingDefs</xpath>
      <value>
				<li>RH_TET_Coal</li>
			</value>
		</match>
	</Operation>

	<Operation Class="PatchOperationFindMod">
		<mods>
			<li>[WD] Simple Coal 1.0</li>
			<li>[WD] Simple Coal</li>
		</mods>
		<match Class="PatchOperationAdd">
      <xpath>/Defs/ThingDef[defName = "BurnItForFuel"]/building/fixedStorageSettings/filter/thingDefs</xpath>
      <value>
				<li>WDCoal</li>
			</value>
		</match>
	</Operation>

	<Operation Class="PatchOperationFindMod">
		<mods>
			<li>Medieval Times</li>
		</mods>
		<match Class="PatchOperationAdd">
      <xpath>/Defs/ThingDef[defName = "BurnItForFuel"]/building/fixedStorageSettings/filter/thingDefs</xpath>
      <value>
				<li>MedTimes_Resource_Coal</li>
			</value>
		</match>
	</Operation>

	<Operation Class="PatchOperationFindMod">
		<mods>
			<li>Survivalist's Additions</li>
		</mods>
		<match Class="PatchOperationAdd">
			<xpath>/Defs/ThingDef[defName = "BurnItForFuel"]/building/fixedStorageSettings/filter/thingDefs</xpath>
      <value>
				<li>SRV_Charcoal</li>
			</value>
		</match>
	</Operation>

	<Operation Class="PatchOperationFindMod">
		<mods>
			<li>[1.0] Atlas' Materials</li>
      <li>Materials+</li>
		</mods>
		<match Class="PatchOperationAdd">
      <xpath>/Defs/ThingDef[defName = "BurnItForFuel"]/building/fixedStorageSettings/filter/thingDefs</xpath>
      <value>
				<li>AM_Coal</li>
				<li>AM_CokeCoal</li>
				<li>AM_MixedPlastic</li>
				<li>AM_UHMWPlastic</li>
				<li>AM_Acrylic</li>
				<li>AM_LWood</li>
			</value>
		</match>
	</Operation>

	<Operation Class="PatchOperationFindMod">
		<mods>
			<li>Coal Expanded</li>
		</mods>
		<match Class="PatchOperationAdd">
      <xpath>/Defs/ThingDef[defName = "BurnItForFuel"]/building/fixedStorageSettings/filter/thingDefs</xpath>
      <value>
				<li>Coal</li>
				<li>Charcoal</li>
			</value>
		</match>
	</Operation>

</Patch>

