<?xml version="1.0" encoding="utf-8" ?>
<Patch>

  <!--Preparing All Refuelables-->
  <Operation Class="PatchOperationAdd">
    <xpath>/Defs/ThingDef[not(inspectorTabs)]/comps/li[@Class = "CompProperties_Refuelable"]/../..</xpath>
    <value>
      <inspectorTabs />
    </value>
  </Operation>

  <Operation Class="PatchOperationSequence">
    <success>Normal</success>
    <operations>

      <!--Extending Refuelable Components-->
      <li Class="PatchOperationInsert">
        <xpath>/Defs/ThingDef/comps/li[@Class = "CompProperties_Refuelable"]</xpath>
        <order>Append</order>
        <value>
          <li Class="BurnItForFuel.CompProperties_SelectFuel" />
        </value>
      </li>
      <li Class="PatchOperationAdd">
        <xpath>/Defs/ThingDef/comps/li[@Class = "CompProperties_Refuelable"]/../../inspectorTabs</xpath>
        <value>
          <li>BurnItForFuel.ITab_Fuel</li>
        </value>
      </li>

    </operations>
  </Operation>
</Patch>