<?xml version="1.0" encoding="utf-8"?>
<ModMetaData>
	<name>[JPT] Burn It for Fuel</name>
	<author>jptrrs</author>
  <supportedVersions>
    <li>1.1</li>
    <li>1.2</li>
    <li>1.3</li>
  </supportedVersions>
  <packageId>JPT.BurnItForFuel</packageId>
  <modDependencies>
    <li>
      <packageId>brrainz.harmony</packageId>
      <displayName>Harmony</displayName>
      <steamWorkshopUrl>steam://url/CommunityFilePage/2009463077</steamWorkshopUrl>
      <downloadUrl>https://github.com/pardeike/HarmonyRimWorld/releases/latest</downloadUrl>
    </li>
    <li>
      <packageId>UnlimitedHugs.HugsLib</packageId>
      <displayName>HugsLib</displayName>
      <steamWorkshopUrl>steam://url/CommunityFilePage/818773962</steamWorkshopUrl>
    </li>
  </modDependencies>
  <!--<modDependenciesByVersion>
    <v1.1>
    </v1.1>
  </modDependenciesByVersion>-->
  <loadAfter>
    <li>UnlimitedHugs.HugsLib</li>
    <!--<li>Charlotte.MendAndRecycle</li>
    <li>Bishop.MendingMedieval</li>-->
  </loadAfter>
  <description>
If you can burn wood for heat, why not use chemfuel as well? Or even cloth or other plants? This mod will enable you to select what type of fuel will be consumed by torches, campfires, stoves, smithies or any other fueled buildings - vanilla or modded - even passive coolers!
  </description>
	<url>https://steamcommunity.com/id/jptrrs/myworkshopfiles/?appid=294100</url>
</ModMetaData>